Digit,Count,Type
1,74,Observed
1,68.3338090157,Predicted
2,45,Observed
2,39.9727158056,Predicted
3,30,Observed
3,28.3610932101,Predicted
4,23,Observed
4,21.9985729528,Predicted
5,14,Observed
5,17.9741428528,Predicted
6,10,Observed
6,15.1969212461,Predicted
7,10,Observed
7,13.1641719639,Predicted
8,11,Observed
8,11.6116225956,Predicted
9,10,Observed
9,10.3869503573,Predicted
